<?xml version="1.0" encoding="UTF-8" ?>  
<!DOCTYPE generatorConfiguration PUBLIC "-//mybatis.org//DTD MyBatis Generator Configuration 1.0//EN" "http://mybatis.org/dtd/mybatis-generator-config_1_0.dtd" >  
<generatorConfiguration>  
    <!-- 引入配置文件 -->  
    <properties resource="application.properties"/>  
      
   <!-- 
   jdbc.driver=com.mysql.jdbc.Driver
jdbc.url=jdbc:mysql://192.168.1.188:3306/smarthse_platform?serverTimezone=Asia/Shanghai
jdbc.username=ehs-root2
jdbc.password=test1234567
    -->
    <!-- 一个数据库一个context -->  
    <context id="DB2Tables" targetRuntime="MyBatis3">
	    
		<commentGenerator>
			<property name="suppressAllComments" value="true"/><!-- 是否取消注释 --> 
		</commentGenerator>
		<!-- 配置数据库连接 -->
		<jdbcConnection driverClass="${jdbc.driver}"
			connectionURL="${jdbc.url}" userId="${jdbc.username}"
			password="${jdbc.password}">
		</jdbcConnection>
 
		<javaTypeResolver>
			<property name="forceBigDecimals" value="false" />
		</javaTypeResolver>
 
		<!-- 指定javaBean生成的位置 -->
		<javaModelGenerator targetPackage="com.example.bean"
			targetProject=".\src\main\java">
			<property name="enableSubPackages" value="true" />
			<property name="trimStrings" value="true" />
			<!-- 参考 javaModelGenerator 的 rootClass 属性 -->
        	<property name="rootClass" value="com.example.bean.base.BaseBean"/>
		</javaModelGenerator>
 
		<!--指定sql映射文件生成的位置 -->
		<sqlMapGenerator targetPackage="mapper" targetProject=".\src\main\resources">
			<property name="enableSubPackages" value="true" />
		</sqlMapGenerator>
 
		<!-- 指定dao接口生成的位置，mapper接口 -->
		<javaClientGenerator type="XMLMAPPER"
			targetPackage="com.example.dao" targetProject=".\src\main\java">
			<property name="enableSubPackages" value="true" />
			
		</javaClientGenerator>
 
 
		<!-- table指定每个表的生成策略 -->
		<table tableName="friend" domainObjectName="Friend" enableCountByExample="false"  
            enableDeleteByExample="false" enableSelectByExample="false"  
            enableUpdateByExample="false">
            
       		<!-- 指定是否只生成domain类，如果设置为true，只生成domain类，如果还配置了sqlMapGenerator，那么在mapper XML文件中，只生成resultMap元素 -->
   			<!-- <property name="modelOnly" value="true"/> -->
        	
        	<!-- 参考javaClientGenerator 的  rootInterface 属性-->
        	<property name="rootInterface" value="com.example.dao.base.CommonMapper&lt;Friend&gt;"/>    
       </table>
            
		<table tableName="friend_message" domainObjectName="FriendMessage" enableCountByExample="false"  
            enableDeleteByExample="false" enableSelectByExample="false"  
            enableUpdateByExample="false">
     
         	<!-- 参考javaClientGenerator 的  rootInterface 属性-->
        	<property name="rootInterface" value="com.example.dao.base.CommonMapper&lt;FriendMessage&gt;"/>   
        </table>
            
		<table tableName="friend_type" domainObjectName="FriendType" enableCountByExample="false"  
            enableDeleteByExample="false" enableSelectByExample="false"  
            enableUpdateByExample="false">
         
        	<!-- 参考javaClientGenerator 的  rootInterface 属性-->
        	<property name="rootInterface" value="com.example.dao.base.CommonMapper&lt;FriendType&gt;"/>
		</table>
            
		<table tableName="group_message" domainObjectName="GroupMessage" enableCountByExample="false"  
            enableDeleteByExample="false" enableSelectByExample="false"  
            enableUpdateByExample="false">

       		<!-- 参考javaClientGenerator 的  rootInterface 属性-->
        	<property name="rootInterface" value="com.example.dao.base.CommonMapper&lt;GroupMessage&gt;"/>
		</table>
            
		<table tableName="group_member" domainObjectName="GroupMember" enableCountByExample="false"  
            enableDeleteByExample="false" enableSelectByExample="false"  
            enableUpdateByExample="false">
         
        	<!-- 参考javaClientGenerator 的  rootInterface 属性-->
        	<property name="rootInterface" value="com.example.dao.base.CommonMapper&lt;GroupMember&gt;"/>
        </table>
            
		<table tableName="group" domainObjectName="Group" enableCountByExample="false"  
            enableDeleteByExample="false" enableSelectByExample="false"  
            enableUpdateByExample="false">
        
        <!-- 参考javaClientGenerator 的  rootInterface 属性-->
        	<property name="rootInterface" value="com.example.dao.base.CommonMapper&lt;Group&gt;"/>
		</table>
            
		<table tableName="user" domainObjectName="User" enableCountByExample="false"  
            enableDeleteByExample="false" enableSelectByExample="false"  
            enableUpdateByExample="false">
          
        <!-- 参考javaClientGenerator 的  rootInterface 属性-->
        	<property name="rootInterface" value="com.example.dao.base.CommonMapper&lt;User&gt;"/>
		</table>
	</context> 
</generatorConfiguration>  
