<?xml version="1.0" encoding="UTF-8"?>
<!DOCTYPE mapper PUBLIC "-//mybatis.org//DTD Mapper 3.0//EN" "http://mybatis.org/dtd/mybatis-3-mapper.dtd">
<mapper namespace="com.example.dao.FriendTypeMapper">
  <resultMap id="BaseResultMap" type="com.example.bean.FriendType">
    <id column="id" jdbcType="BIGINT" property="id" />
    <result column="type_name" jdbcType="VARCHAR" property="typeName" />
    <result column="user_id" jdbcType="BIGINT" property="userId" />
    <result column="create_date" jdbcType="TIMESTAMP" property="createDate" />
    <result column="is_default" jdbcType="INTEGER" property="isDefault" />
     <result column="is_valid" jdbcType="BIT" property="isValid" />
  </resultMap>

</mapper>