<?xml version="1.0" encoding="UTF-8"?>
<!DOCTYPE mapper PUBLIC "-//mybatis.org//DTD Mapper 3.0//EN" "http://mybatis.org/dtd/mybatis-3-mapper.dtd">
<mapper namespace="com.example.dao.FriendMapper">
  <resultMap id="BaseResultMap" type="com.example.bean.Friend">
    <id column="id" jdbcType="BIGINT" property="id" />
    <result column="user_id" jdbcType="BIGINT" property="userId" />
    <result column="friend_id" jdbcType="BIGINT" property="friendId" />
    <result column="type_id" jdbcType="BIGINT" property="typeId" />
    <result column="is_valid" jdbcType="BIT" property="isValid" />
    <result column="create_date" jdbcType="TIMESTAMP" property="createDate" />
  </resultMap>
 
</mapper>