<?xml version="1.0" encoding="UTF-8"?>
<!DOCTYPE mapper PUBLIC "-//mybatis.org//DTD Mapper 3.0//EN" "http://mybatis.org/dtd/mybatis-3-mapper.dtd">
<mapper namespace="com.example.dao.FriendMessageMapper">
  <resultMap id="BaseResultMap" type="com.example.bean.FriendMessage">
    <id column="id" jdbcType="BIGINT" property="id" />
    <result column="from_user_id" jdbcType="BIGINT" property="fromUserId" />
    <result column="to_user_id" jdbcType="BIGINT" property="toUserId" />
    <result column="content" jdbcType="VARCHAR" property="content" />
    <result column="send_time" jdbcType="TIMESTAMP" property="sendTime" />
    <result column="is_read" jdbcType="INTEGER" property="isRead" />
    <result column="is_del" jdbcType="INTEGER" property="isDel" />
    <result column="is_back" jdbcType="INTEGER" property="isBack" />
    <result column="is_valid" jdbcType="BIT" property="isValid" />
    <result column="create_date" jdbcType="TIMESTAMP" property="createDate" />
    <result column="update_date" jdbcType="TIMESTAMP" property="updateDate" />
     <result column="create_by" jdbcType="BIGINT" property="createBy" />
      <result column="update_by" jdbcType="BIGINT" property="updateBy" />
  </resultMap>
 
</mapper>