<?xml version="1.0" encoding="UTF-8"?>
<!DOCTYPE mapper PUBLIC "-//mybatis.org//DTD Mapper 3.0//EN" "http://mybatis.org/dtd/mybatis-3-mapper.dtd">
<mapper namespace="com.example.dao.GroupMessageMapper">
  <resultMap id="BaseResultMap" type="com.example.bean.GroupMessage">
    <id column="id" jdbcType="INTEGER" property="id" />
    <result column="user_id" jdbcType="INTEGER" property="userId" />
    <result column="group_id" jdbcType="INTEGER" property="groupId" />
    <result column="content" jdbcType="VARCHAR" property="content" />
    <result column="is_del" jdbcType="INTEGER" property="isDel" />
    <result column="is_read" jdbcType="INTEGER" property="isRead" />
    <result column="send_time" jdbcType="TIMESTAMP" property="sendTime" />
    <result column="is_back" jdbcType="INTEGER" property="isBack" />
     <result column="is_valid" jdbcType="BIT" property="isValid" />
    <result column="create_date" jdbcType="TIMESTAMP" property="createDate" />
  </resultMap>
  
</mapper>