<?xml version="1.0" encoding="UTF-8"?>
<!DOCTYPE mapper PUBLIC "-//mybatis.org//DTD Mapper 3.0//EN" "http://mybatis.org/dtd/mybatis-3-mapper.dtd">
<mapper namespace="com.example.dao.GroupMapper">
  <resultMap id="BaseResultMap" type="com.example.bean.Group">
    <id column="id" jdbcType="BIGINT" property="id" />
    <result column="group_name" jdbcType="VARCHAR" property="groupName" />
    <result column="avator" jdbcType="VARCHAR" property="avator" />
    <result column="owner_id" jdbcType="BIGINT" property="ownerId" />
    <result column="status" jdbcType="INTEGER" property="status" />
    <result column="create_date" jdbcType="TIMESTAMP" property="createDate" />
    <result column="description" jdbcType="VARCHAR" property="description" />
     <result column="is_valid" jdbcType="BIT" property="isValid" />
  </resultMap>
 
</mapper>