<?xml version="1.0" encoding="UTF-8"?>
<!DOCTYPE mapper PUBLIC "-//mybatis.org//DTD Mapper 3.0//EN" "http://mybatis.org/dtd/mybatis-3-mapper.dtd">
<mapper namespace="com.example.dao.GroupMemberMapper">
  <resultMap id="BaseResultMap" type="com.example.bean.GroupMember">
    <id column="id" jdbcType="BIGINT" property="id" />
    <result column="user_id" jdbcType="BIGINT" property="userId" />
    <result column="pid" jdbcType="BIGINT" property="pid" />
    <result column="group_id" jdbcType="BIGINT" property="groupId" />
    <result column="role_type" jdbcType="BIT" property="roleType" />
    <result column="create_date" jdbcType="TIMESTAMP" property="createDate" />
    <result column="is_valid" jdbcType="BIT" property="isValid" />
    
  </resultMap>
  
</mapper>