<?xml version="1.0" encoding="UTF-8"?>
<!DOCTYPE mapper PUBLIC "-//mybatis.org//DTD Mapper 3.0//EN" "http://mybatis.org/dtd/mybatis-3-mapper.dtd">
<mapper namespace="com.example.dao.UserMapper">
  <resultMap id="BaseResultMap" type="com.example.bean.User">
    <id column="id" jdbcType="BIGINT" property="id" />
    <result column="login_name" jdbcType="VARCHAR" property="loginName" />
    <result column="password" jdbcType="VARCHAR" property="password" />
    <result column="nick_name" jdbcType="VARCHAR" property="nickName" />
    <result column="gender" jdbcType="INTEGER" property="gender" />
    <result column="online_state" jdbcType="INTEGER" property="onlineState" />
    <result column="avatar" jdbcType="VARCHAR" property="avatar" />
    <result column="email" jdbcType="VARCHAR" property="email" />
    <result column="phone" jdbcType="VARCHAR" property="phone" />
    <result column="sign" jdbcType="VARCHAR" property="sign" />
     <result column="is_valid" jdbcType="BIT" property="isValid" />
    <result column="create_date" jdbcType="TIMESTAMP" property="createDate" />
  </resultMap>
  
</mapper>